MICHAEL,1,3476715,1151.12,1151.12,2747318,274177,18510,66408,99581,270721
JOHN,2,3125114,1034.71,2185.82,2589589,195759,15360,67811,69447,187148
JAMES,3,2996420,992.1,3177.92,2457719,289173,17331,44337,84626,103234
DAVID,4,2813019,931.37,4109.29,2149886,156379,13903,65917,67743,359191
ROBERT,5,2759332,913.6,5022.89,2281552,197710,14793,27114,65000,173163
WILLIAM,6,2240112,741.69,5764.58,1866221,153992,11959,31382,61725,114833
MARY,7,1768337,585.49,6350.06,1434886,164569,10651,26838,32402,98991
MARIA,8,1652964,547.29,6897.35,234934,21779,2369,41556,8443,1343883
DANIEL,9,1607193,532.13,7429.48,1078953,67007,7891,44475,41082,367785
JOSEPH,10,1600664,529.97,7959.45,1230026,113383,9798,37503,43677,166277
RICHARD,11,1575998,521.8,8481.25,1296376,82066,8721,29548,33784,125503
THOMAS,12,1506604,498.83,8980.08,1310638,70115,7241,24934,35273,58403
CHRISTOPHER,13,1499874,496.6,9476.68,1072790,145807,8273,31043,55768,186193
JENNIFER,14,1331080,440.71,9917.39,1030049,47629,6260,44931,40645,161566
MATTHEW,15,1315148,435.44,10352.83,1066314,39996,6193,29049,43484,130112
JOSE,16,1211107,400.99,10753.82,28145,5544,1358,12148,1134,1162778
CHARLES,17,1207975,399.95,11153.77,960218,153781,7561,14328,34997,37090
ELIZABETH,18,1206652,399.51,11553.28,890838,48933,5202,28136,31972,201571
PATRICIA,19,1189827,393.94,11947.23,923760,102689,5522,10869,21407,125580
LINDA,20,1164879,385.68,12332.91,960548,92983,5974,24222,23257,57895
MARK,21,1135543,375.97,12708.88,964950,57203,4915,21054,25958,61463
ANDREW,22,1075510,356.09,13064.98,817169,50757,4837,43984,35534,123229
ANTHONY,23,1075182,355.99,13420.96,581998,186337,7481,28215,36651,234500
KEVIN,24,1015224,336.13,13757.1,690306,108294,5188,52672,24974,133790
BRIAN,25,1011015,334.74,14091.84,810241,61348,4937,28600,24952,80937
SUSAN,26,979773,324.4,14416.24,896424,13726,3210,23903,16619,25891
STEVEN,27,972806,322.09,14738.33,787406,50450,5388,24498,23834,81230
JESSICA,28,957450,317.01,15055.33,644569,51376,5464,28176,34071,193794
BARBARA,29,943005,312.22,15367.55,795880,88936,4049,4781,15269,34090
JOSHUA,30,939718,311.13,15678.69,642325,85627,6646,27387,43383,134350
PAUL,31,907227,300.38,15979.07,746870,49779,4538,27033,19797,59210
JASON,32,898646,297.54,16276.6,679214,55876,6231,37804,32792,86729
KAREN,33,882585,292.22,16568.82,720135,53478,4010,19453,16054,69455
RYAN,34,874270,289.47,16858.29,699206,38772,4880,36371,32438,62603
SARAH,35,874127,289.42,17147.7,707633,38022,4403,28811,31484,63774
LISA,36,864251,286.15,17433.85,700424,59081,5228,21601,24080,53837
JACOB,37,805737,266.77,17700.63,603728,23280,5482,16711,33837,122699
TIMOTHY,38,802955,265.85,17966.48,675887,62009,4556,14281,22726,23496
SANDRA,39,780837,258.53,18225.01,538415,66899,3955,8765,14332,148471
NANCY,40,772570,255.79,18480.8,626905,17687,2618,20764,10131,94465
ERIC,41,767093,253.98,18734.78,511561,91952,4044,30949,21278,107309
MICHELLE,42,757102,250.67,18985.45,517730,68176,4917,36305,26067,103907
KENNETH,43,755676,250.2,19235.65,585511,100649,5123,15905,20280,28208
EMILY,44,755529,250.15,19485.8,571238,11419,3020,30059,23777,116016
ASHLEY,45,752328,249.09,19734.9,496957,79542,4650,15756,28585,126838
JEFFREY,46,735424,243.49,19978.39,639256,33124,2836,16702,16220,27286
JONATHAN,47,717216,237.47,20215.86,428458,56522,3691,30829,24666,173050
DONALD,48,715630,236.94,20452.8,618293,60074,4322,4940,15650,12351
NICHOLAS,49,711310,235.51,20688.31,551142,33733,3213,14012,27729,81481
AMANDA,50,698992,231.43,20919.74,557399,21099,4426,12357,24580,79131
KIMBERLY,51,696172,230.5,21150.24,506159,70415,4147,13041,21773,80637
RONALD,52,689835,228.4,21378.64,553799,78128,4664,11032,14772,27440
LAURA,53,679854,225.1,21603.73,505080,18562,2701,8209,14341,130961
MELISSA,54,675225,223.56,21827.29,498875,28194,4412,12239,20708,110797
JUSTIN,55,668566,221.36,22048.65,474615,60176,5365,29860,27899,70651
STEPHEN,56,665593,220.37,22269.03,575833,33012,2585,12355,16104,25704
STEPHANIE,57,657761,217.78,22486.81,435462,58571,3875,17815,19808,122230
GARY,58,656596,217.39,22704.2,574266,39868,4521,9220,13682,15039
SCOTT,59,655955,217.18,22921.38,611290,8120,2456,7145,14408,12536
JUAN,60,655686,217.09,23138.48,9943,7510,955,4878,761,631639
REBECCA,61,645355,213.67,23352.15,533727,17758,3692,12820,19013,58345
BRANDON,62,642617,212.77,23564.92,398572,91182,5641,21206,29436,96580
DONNA,63,635056,210.26,23775.18,558108,38132,3776,6676,14353,14011
GEORGE,64,631917,209.22,23984.4,461340,70484,3938,16756,14489,64910
AMY,65,625124,206.97,24191.38,525985,8808,2676,27665,14853,45137
DEBORAH,66,622212,206.01,24397.39,519324,60417,2838,4755,14437,20441
EDWARD,67,616125,204,24601.38,450977,63869,3484,17276,14124,66395
CAROL,68,614461,203.44,24804.83,545407,31176,3235,7847,9625,17171
BENJAMIN,69,606324,200.75,25005.58,447779,28257,2809,21618,23564,82297
ANGELA,70,600156,198.71,25204.29,382011,84524,3945,20491,19557,89628
CYNTHIA,71,597777,197.92,25402.21,415350,68037,3245,12921,13647,84577
SHARON,72,583753,193.28,25595.48,462967,76959,3705,13027,12660,14435
SAMUEL,73,566084,187.43,25782.91,353572,63349,3382,17885,19604,108292
ALEXANDER,74,556753,184.34,25967.25,330920,27131,2257,22399,28137,145909
PATRICK,75,551886,182.73,26149.97,448264,44684,3282,14654,15189,25813
MARGARET,76,549715,182.01,26331.98,472944,35276,2293,7463,9476,22263
KATHLEEN,77,547317,181.21,26513.19,507449,9084,1698,6966,8949,13171
NICOLE,78,544074,180.14,26693.33,381091,52997,3041,13415,21352,72178
TYLER,79,541533,179.3,26872.63,436429,36066,4203,11301,26188,27346
BRENDA,80,521401,172.63,27045.26,338308,73569,3738,5008,11714,89064
SAMANTHA,81,517507,171.34,27216.61,356913,20573,3465,13814,22349,100393
ANNA,82,512952,169.84,27386.44,383680,17981,2714,25504,14410,68663
LARRY,83,512453,169.67,27556.11,394454,79799,4179,5448,11546,17027
GREGORY,84,503955,166.86,27722.97,390648,74057,2315,4146,12493,20296
KELLY,85,499226,165.29,27888.26,427397,16500,2681,14049,13098,25501
EMMA,86,498216,164.96,28053.22,357378,21349,2487,15895,20408,80699
ADAM,87,496298,164.32,28217.54,401312,14588,2563,9901,17159,50775
PAMELA,88,495984,164.22,28381.75,399289,55908,2787,5647,11611,20742
AARON,89,494243,163.64,28545.39,311193,57723,4215,19377,20742,80993
RACHEL,90,493720,163.47,28708.86,385771,23038,2806,17628,18570,45907
LUIS,91,489967,162.22,28871.09,12541,2220,480,2730,529,471467
CHRISTINE,92,482604,159.79,29030.87,388851,27986,2250,24336,11756,27425
NATHAN,93,481630,159.46,29190.34,347744,26169,3255,20815,20386,63261
HEATHER,94,473466,156.76,29347.1,427018,7954,3109,3741,16430,15214
CARLOS,95,473059,156.63,29503.73,20599,21463,983,3842,1728,424444
KATHERINE,96,470579,155.81,29659.53,372743,14295,1948,14743,13541,53309
JULIE,97,467486,154.78,29814.31,401578,7007,2121,19245,10406,27129
DEBRA,98,465855,154.24,29968.56,394826,40789,2818,2179,10853,14390
PETER,99,464400,153.76,30122.32,375785,17383,1785,30202,9160,30085
VICTORIA,100,452655,149.87,30272.19,250280,39958,2859,16662,15732,127164
JORDAN,101,452333,149.76,30421.95,275799,74171,3906,10423,32141,55893
OLIVIA,102,449371,148.78,30570.74,288861,28507,2185,16491,28575,84752
LAUREN,103,449369,148.78,30719.52,364036,24971,1549,10413,16662,31738
DENNIS,104,448313,148.43,30867.95,370932,32306,2777,12185,9026,21087
KYLE,105,436136,144.4,31012.35,361908,20118,3511,14230,18062,18307
ZACHARY,106,435260,144.11,31156.47,365155,14112,2394,6857,20008,26734
ANDREA,107,429406,142.17,31298.64,237417,45462,2483,7169,10791,126084
JANET,108,429157,142.09,31440.73,355505,23631,1759,9637,6991,31634
CHRISTINA,109,423586,140.25,31580.98,284351,27695,2753,19906,16813,72068
DIANE,110,422756,139.97,31720.95,359966,30218,1555,6999,6420,17598
CHRISTIAN,111,415785,137.66,31858.61,174488,50901,2308,12721,18201,157166
JACK,112,415672,137.63,31996.24,361901,8007,2247,10121,13825,19571
CATHERINE,113,410554,135.93,32132.17,330379,25498,1492,16093,10536,26556
MEGAN,114,409938,135.73,32267.9,357817,8049,1799,8879,13447,19947
FRANK,115,407086,134.78,32402.68,292774,32900,2923,9297,7305,61887
ETHAN,116,403011,133.43,32536.12,264985,19840,2966,27671,23505,64044
HANNAH,117,402716,133.34,32669.45,326144,12453,2028,18367,18683,25041
TERESA,118,402459,133.25,32802.71,264279,26236,2484,8981,9682,90797
TAYLOR,119,389227,128.87,32931.58,299790,41009,3110,5392,19242,20684
SARA,120,384262,127.23,33058.8,284800,9782,1659,10707,11376,65938
CAROLYN,121,384058,127.16,33185.96,299254,60214,1932,5201,8058,9399
DOUGLAS,122,383163,126.86,33312.82,337876,18108,1985,3764,8035,13395
BETTY,123,382958,126.79,33439.62,296176,54710,2959,7223,7300,14590
SEAN,124,377131,124.87,33564.49,288562,32137,1740,13352,18120,23220
TERRY,125,376943,124.8,33689.29,302916,48435,3313,5051,10098,7130
JUDITH,126,376697,124.72,33814.01,328782,11616,1068,3656,4715,26860
ALEX,127,373478,123.66,33937.67,197728,22321,2286,23123,11289,116731
JEREMY,128,372710,123.4,34061.07,279785,30273,3403,8749,14359,36141
NOAH,129,372418,123.31,34184.37,231949,28787,2431,11577,24895,72779
CHERYL,130,372339,123.28,34307.65,309147,40191,2951,5378,9179,5493
DIANA,131,369699,122.41,34430.06,190538,15939,1630,12528,7375,141689
JERRY,132,369614,122.38,34552.44,284581,41890,3393,9741,9400,20609
MARTHA,133,368247,121.92,34674.36,186690,23433,1676,1915,3945,150588
CHRIS,134,366265,121.27,34795.63,278322,26367,2575,12549,10440,36012
RAYMOND,135,364286,120.61,34916.24,247858,39854,3597,15412,9283,48282
AUSTIN,136,362147,119.9,35036.15,292091,14960,2779,10036,16214,26067
MADISON,137,360348,119.31,35155.45,272451,27857,2446,5957,18739,32898
SHIRLEY,138,360152,119.24,35274.7,261898,65282,2555,10800,7185,12432
ALEXIS,139,358353,118.65,35393.35,179918,41738,2124,6165,18653,109755
JANE,140,356610,118.07,35511.42,277666,30019,1453,19205,5367,22900
HENRY,141,354671,117.43,35628.85,217504,46088,2237,21091,11061,56690
JULIA,142,349784,115.81,35744.66,241359,17856,1913,12805,11067,64784
ANGEL,143,348579,115.41,35860.07,43283,25464,2183,6980,4971,265698
GABRIEL,144,347543,115.07,35975.14,129326,21171,2612,7817,15365,171252
DYLAN,145,343918,113.87,36089.01,246190,13135,2368,11404,17065,53756
ABIGAIL,146,342494,113.4,36202.41,242395,11726,1312,10478,13885,62698
LOGAN,147,341578,113.09,36315.5,270382,12499,2427,5826,18996,31448
VICTOR,148,337306,111.68,36427.18,76506,27887,1411,12804,4201,214497
GLORIA,149,331530,109.77,36536.95,124451,59974,2094,10801,4728,129482
JESUS,150,331350,109.71,36646.66,4305,868,462,3183,218,322314
JACQUELINE,151,331317,109.7,36756.35,184213,60934,1665,8078,8906,67521
DANIELLE,152,329069,108.95,36865.31,235976,41305,2325,4780,14146,30537
KEITH,153,328988,108.93,36974.23,247954,56827,2096,5020,9134,7957
SOPHIA,154,327895,108.56,37082.8,164828,15344,1646,21433,19221,105423
DENISE,155,327829,108.54,37191.34,228713,45954,2022,4422,7630,39088
BRYAN,156,327372,108.39,37299.73,207327,22037,2009,10885,8616,76498
JOYCE,157,324171,107.33,37407.06,246499,51401,1569,11678,5977,7047
NATALIE,158,324016,107.28,37514.34,202308,16954,1570,9542,12422,81220
AMBER,159,322914,106.91,37621.25,244486,26286,3378,5548,15898,27318
GRACE,160,322612,106.81,37728.07,222630,21934,1496,32103,12317,32132
ANA,161,321858,106.57,37834.63,27093,2634,339,4834,1386,285572
KATHRYN,162,316033,104.64,37939.27,289271,5353,1069,3645,7657,9038
JAMIE,163,312012,103.31,38042.58,249236,17963,2888,7756,11285,22884
ISABELLA,164,309076,102.33,38144.91,144694,7789,1467,8906,16744,129476
JOAN,165,306622,101.52,38246.43,268191,17521,916,5315,3554,11125
DOROTHY,166,304934,100.96,38347.39,227011,60099,1726,3874,5536,6688
KAYLA,167,303202,100.39,38447.78,195656,41080,2226,8916,16283,39041
BRITTANY,168,302727,100.23,38548.01,217225,44536,2106,2167,12764,23929
JANICE,169,302295,100.09,38648.1,241429,37442,1873,8226,5392,7933
ERIN,170,301437,99.8,38747.9,262315,12355,1281,5601,9097,10788
SHANNON,171,300974,99.65,38847.55,249808,24301,2779,3588,11184,9314
LORI,172,299426,99.14,38946.69,271545,7847,1679,3028,6646,8681
MIGUEL,173,295998,98,39044.69,6723,3792,435,2721,628,281699
ROGER,174,294718,97.58,39142.27,242540,16839,2251,6156,6382,20550
JESSE,175,293712,97.25,39239.52,186253,21415,3066,5820,10778,66380
EVELYN,176,293624,97.22,39336.74,156864,29328,1725,14603,8769,82335
TIFFANY,177,293276,97.1,39433.84,170490,64307,2210,18254,12424,25591
ANN,178,293054,97.03,39530.87,255846,13354,996,10715,4454,7689
LESLIE,179,290496,96.18,39627.05,190537,23789,2000,5545,6780,61845
ANTONIO,180,289179,95.75,39722.79,36286,54837,1094,7519,4639,184804
KATHY,181,288049,95.37,39818.16,242577,15870,1884,9865,6080,11773
VIRGINIA,182,286260,94.78,39912.94,208554,17278,1907,7653,5256,45612
RUTH,183,285964,94.68,40007.62,203296,26210,1395,6634,4795,43634
ALAN,184,284873,94.32,40101.94,201774,9664,1295,14704,5726,51710
ROBIN,185,284365,94.15,40196.1,232741,27589,2157,4885,8693,8300
JORGE,186,282866,93.66,40289.75,6824,1039,209,1327,254,273213
JUDY,187,281131,93.08,40382.83,237920,13420,1825,11666,5715,10585
ALLISON,188,280748,92.95,40475.78,219873,8790,1197,7590,8284,35014
CAMERON,189,280516,92.88,40568.66,191021,45247,2039,4023,19600,18586
HELEN,190,280360,92.83,40661.49,203059,30506,1745,20077,5012,19961
SHAWN,191,279686,92.6,40754.09,211106,36838,2939,6338,11596,10869
THERESA,192,278865,92.33,40846.42,213852,27983,2022,7646,7235,20127
TAMMY,193,277310,91.82,40938.24,233423,19143,2558,6123,9200,6863
JOE,194,275871,91.34,41029.57,168012,32574,2687,7996,5587,59015
ALYSSA,195,274551,90.9,41120.48,178315,12933,1981,9250,14469,57603
CRYSTAL,196,274097,90.75,41211.23,156376,44435,3044,6814,11161,52267
MARTIN,197,271880,90.02,41301.25,136733,12218,1425,4943,3960,112601
JEAN,198,270224,89.47,41390.72,207183,35840,874,9236,3778,13313
MASON,199,269853,89.35,41480.06,197820,17457,2072,7563,15852,29089
TRACY,200,268037,88.75,41568.81,208764,33629,1878,7559,7878,8329
BRUCE,201,267816,88.67,41657.48,229979,19831,1501,4230,5726,6549
LUKE,202,267177,88.46,41745.94,221466,4540,1396,6993,11897,20885
MONICA,203,264970,87.73,41833.67,101538,35033,1667,10241,6197,110294
MARIE,204,264229,87.48,41921.16,164938,61778,2043,7348,5525,22597
CALEB,205,264111,87.45,42008.6,184419,25331,2029,6752,15193,30387
STEVE,206,262426,86.89,42095.49,205820,15564,1669,10881,5090,23402
GERALD,207,258431,85.56,42181.05,210152,29261,2149,3550,5140,8179
WENDY,208,257745,85.34,42266.39,187506,11419,1082,9802,5608,42328
AVA,209,257512,85.26,42351.65,169748,22969,1434,6788,18957,37616
PAULA,210,256422,84.9,42436.55,190246,18512,1635,3037,5588,37404
JOEL,211,256020,84.77,42521.32,137796,15870,1207,8549,5225,87373
CHARLOTTE,212,254532,84.27,42605.59,205753,16979,1545,5165,10993,14097
ROSA,213,254284,84.19,42689.78,20867,14457,448,3026,1135,214351
EVAN,214,254262,84.18,42773.97,191368,10980,1316,10672,12652,27274
TINA,215,253386,83.89,42857.86,188649,22665,2639,15631,9363,14439
ELIJAH,216,252755,83.69,42941.55,107342,59488,2377,6268,24168,53112
DAWN,217,252267,83.52,43025.07,217895,16240,1929,2196,8283,5724
RANDY,218,250617,82.98,43108.05,196941,18775,2423,6271,6213,19994
BEVERLY,219,249644,82.66,43190.71,196890,37387,1698,2998,5013,5658
LUCAS,220,249248,82.52,43273.23,173864,4034,1300,9928,11844,48278
MARILYN,221,248664,82.33,43355.56,195610,22051,1648,5999,3502,19854
CODY,222,248584,82.3,43437.87,216720,4695,3231,3397,10363,10178
TRAVIS,223,248555,82.29,43520.16,195243,28841,2707,3280,9550,8934
KIM,224,246388,81.58,43601.74,179679,26448,1429,25031,7315,6486
COURTNEY,225,246240,81.53,43683.27,188215,36831,1526,2491,9526,7651
FRANCISCO,226,246224,81.52,43764.79,6234,1182,447,4251,455,233655
WALTER,227,244848,81.07,43845.86,165335,39263,1564,3076,5593,30017
CRAIG,228,244482,80.95,43926.8,210530,20267,1354,2532,5414,4385
CARL,229,243436,80.6,44007.4,187206,38533,1868,3156,6510,6163
ALICIA,230,242748,80.37,44087.78,101881,30874,1721,6689,7673,93910
ISAAC,231,242216,80.2,44167.97,108295,23753,1774,8135,11644,88615
ADRIAN,232,241088,79.82,44247.8,45273,31176,1801,6855,6880,149103
MANUEL,233,240817,79.73,44327.53,15784,4065,818,5932,820,213398
LAWRENCE,234,240674,79.69,44407.21,178682,36878,2007,7341,5535,10231
CINDY,235,240220,79.54,44486.75,170488,6556,1370,17846,5209,38751
JACKSON,236,239894,79.43,44566.18,197151,7942,1337,4241,13460,15763
VANESSA,237,239189,79.19,44645.37,68919,33752,1852,8203,7694,118769
TODD,238,238705,79.03,44724.4,218844,8398,1130,1744,5161,3428
CARMEN,239,237751,78.72,44803.12,41838,14637,904,4552,2843,172977
BRADLEY,240,237483,78.63,44881.75,211993,6909,1506,2316,6779,7980
VINCENT,241,237080,78.5,44960.25,145330,29412,1645,17884,7562,35247
MORGAN,242,235729,78.05,45038.3,191136,20594,1526,2362,10560,9551
VERONICA,243,234662,77.7,45115.99,61772,31581,1500,5089,4540,130180
HUNTER,244,230190,76.21,45192.2,198715,3868,2341,2382,11325,11559
ALEXANDRA,245,229432,75.96,45268.17,148455,6334,698,4216,9297,60432
MIKE,246,228049,75.51,45343.67,180910,11962,1734,7803,4850,20790
VALERIE,247,226028,74.84,45418.51,132187,32534,1800,5255,5692,48560
MELANIE,248,225741,74.74,45493.25,142870,13221,1483,7472,6581,54114
ALICE,249,225226,74.57,45567.82,157968,26661,1870,14206,5602,18919
PHILIP,250,223031,73.84,45641.67,186725,10307,836,9546,5418,10199
IAN,251,222813,73.77,45715.44,153977,11979,1204,9361,11533,34759
ANNE,252,221694,73.4,45788.84,198724,7016,430,7275,3440,4809
BRIANNA,253,221276,73.26,45862.1,113078,32470,1370,3241,11607,59510
MIA,254,219775,72.77,45934.87,80226,18227,1152,9484,13320,97366
BONNIE,255,219142,72.56,46007.43,198969,6781,1225,2951,4611,4605
JASMINE,256,218318,72.28,46079.71,42587,77183,1685,13677,16788,66398
LIAM,257,218134,72.22,46151.93,147072,6668,1114,6460,14462,42358
PHILLIP,258,216750,71.76,46223.7,156075,28229,2243,6374,7158,16671
ERICA,259,215653,71.4,46295.1,114015,39494,1291,5186,7413,48254
KATIE,260,215040,71.2,46366.3,180244,7486,1156,7474,5720,12960
MARIO,261,213071,70.55,46436.84,26082,16272,691,4416,1554,164056
WAYNE,262,213033,70.53,46507.38,171256,25595,1778,5351,5406,3647
OSCAR,263,212941,70.5,46577.88,20425,9230,554,4105,1549,177078
DANA,264,210585,69.72,46647.6,169129,18999,1564,3611,6497,10785
CHAD,265,209144,69.25,46716.85,186169,8020,1620,2403,6357,4575
CONNIE,266,209008,69.2,46786.05,170334,12037,1561,7917,4697,12462
JEFF,267,208614,69.07,46855.12,184292,7040,1202,5635,4525,5920
CONNOR,268,208365,68.99,46924.11,181063,2444,883,3745,10131,10099
APRIL,269,206083,68.23,46992.34,140359,28204,2101,5159,7949,22311
ARTHUR,270,205841,68.15,47060.5,138390,34181,1403,6365,5299,20203
RUSSELL,271,202727,67.12,47127.62,174337,12172,1667,3524,5874,5153
SHEILA,272,202161,66.93,47194.55,145471,33536,1613,5000,5537,11004
FRANCES,273,201696,66.78,47261.33,152116,18631,1362,4737,3945,20905
DEREK,274,201269,66.64,47327.97,143225,19446,1615,7785,8312,20886
LEAH,275,200966,66.54,47394.51,143195,14815,1425,6821,8758,25952
CHLOE,276,200405,66.35,47460.86,135673,15348,1240,13919,13476,20749
MICHELE,277,199114,65.93,47526.79,167218,12801,828,2651,5345,10271
KRISTEN,278,199108,65.92,47592.71,170798,7691,1009,3577,6086,9947
CAROLINE,279,199039,65.9,47658.61,161565,7900,994,7862,5726,14992
AUDREY,280,198827,65.83,47724.44,141530,20404,1323,8804,8648,18118
NORMA,281,197661,65.44,47789.89,84698,11119,1032,5019,2061,93732
DANNY,282,197113,65.26,47855.15,132321,14784,1732,12816,5174,30286
ROSE,283,196310,65,47920.15,125828,29214,2338,7781,5234,25915
JAYDEN,284,195735,64.81,47984.95,60644,42472,1698,12389,16775,61757
JILL,285,194542,64.41,48049.36,182373,3150,535,2409,3109,2966
JULIAN,286,193598,64.1,48113.46,46780,18862,1273,5009,8687,112987
AIDEN,287,193515,64.07,48177.54,107940,17704,1556,10192,13206,42917
LYNN,288,193290,64,48241.53,171005,7777,817,7179,3279,3233
ALBERT,289,192226,63.64,48305.18,107562,30549,1852,11705,3944,36614
TONY,290,191116,63.28,48368.45,96860,39767,1917,19930,5335,27307
RILEY,291,191102,63.27,48431.73,153415,8958,1407,3464,10612,13246
NATHANIEL,292,189976,62.9,48494.63,106298,36075,1658,6134,10961,28850
RICARDO,293,189953,62.89,48557.52,7600,11453,367,4557,1020,164956
CLAUDIA,294,189170,62.63,48620.15,58578,8632,493,1849,1982,117636
SUZANNE,295,188917,62.55,48682.7,173236,2628,605,2697,3742,6009
DALE,296,188896,62.54,48745.24,169897,8795,1479,1873,4255,2597
SHERRY,297,187601,62.11,48807.36,155067,17628,1715,4110,5720,3361
HAROLD,298,186444,61.73,48869.09,143338,26917,1826,2343,4183,7837
ELLA,299,185531,61.43,48930.52,140224,15772,1205,5784,9740,12806
RITA,300,184211,60.99,48991.51,131544,15508,1495,6675,3278,25711
MARCUS,301,184052,60.94,49052.45,64123,75866,2034,4481,11933,25615
PEGGY,302,183683,60.82,49113.26,159561,12556,1192,2532,3894,3948
LOUIS,303,183372,60.71,49173.97,118544,22641,1314,4089,3923,32861
JOHNNY,304,183111,60.63,49234.6,85258,40845,2366,11158,5135,38349
HOLLY,305,182744,60.51,49295.11,165773,2642,1064,2865,5663,4737
LILLIAN,306,182252,60.34,49355.45,130593,14660,1371,5666,8444,21518
JOANNE,307,181754,60.18,49415.63,153517,9800,672,8212,2593,6960
JARED,308,180305,59.7,49475.32,137670,9813,1464,3757,7203,20398
ALEJANDRO,309,180046,59.61,49534.94,3913,698,290,1626,235,173284
BROOKE,310,178446,59.08,49594.02,153051,7133,1035,1408,6961,8858
AMELIA,311,176479,58.43,49652.45,112201,7736,1079,7513,9580,38370
OWEN,312,176420,58.41,49710.86,148358,4398,822,4077,8344,10421
ELAINE,313,176184,58.33,49769.2,135736,16312,996,9782,2973,10385
ROY,314,176161,58.33,49827.52,125463,22334,1806,6755,4902,14901
ISAIAH,315,175786,58.2,49885.72,43550,51897,1984,3744,18298,56313
AVERY,316,175335,58.05,49943.78,128081,14337,1315,3845,11548,16209
PEDRO,317,175195,58.01,50001.78,6919,1636,286,2122,365,163867
DORIS,318,174010,57.61,50059.39,117256,31975,1004,3539,2721,17515
BLAKE,319,173524,57.45,50116.85,145865,7852,1248,1610,7861,9088
BILLY,320,173436,57.42,50174.27,133810,20605,2556,3933,5467,7065
RHONDA,321,173382,57.41,50231.68,137259,25175,1736,601,5456,3155
ELLEN,322,173110,57.32,50288.99,152952,7008,700,6476,2782,3192
JIMMY,323,173058,57.3,50346.29,101924,24277,2332,14244,4815,25466
ROBERTO,324,172375,57.07,50403.36,9843,1811,220,4365,397,155739
RODNEY,325,172298,57.05,50460.41,112369,45099,1477,2703,4790,5860
DUSTIN,326,171393,56.75,50517.16,151174,2559,2060,2688,6512,6400
WANDA,327,171034,56.63,50573.79,115656,34237,1635,1162,4224,14120
SYDNEY,328,169165,56.01,50629.79,126081,16206,880,4787,10230,10981
GAVIN,329,168736,55.87,50685.66,131321,7179,1038,4217,9738,15243
HECTOR,330,168415,55.76,50741.42,3116,1069,201,1061,176,162792
SHANE,331,167534,55.47,50796.89,139542,7689,2004,3239,7713,7347
ALLEN,332,166926,55.27,50852.16,119592,21338,1666,9031,4960,10339
PHYLLIS,333,165944,54.94,50907.1,134876,23242,1132,1279,2809,2606
CASEY,334,165304,54.73,50961.83,141322,5818,1399,3043,6300,7422
GAIL,335,165125,54.67,51016.51,140925,16134,784,2282,2751,2249
LEE,336,164574,54.49,51071,121291,22515,1345,8188,4707,6528
RENEE,337,164464,54.45,51125.45,120051,22098,1234,3327,5198,12556
ANITA,338,164323,54.41,51179.86,101129,23071,1530,12119,4028,22446
JAY,339,164091,54.33,51234.18,122333,10575,1309,14460,4635,10779
CLAIRE,340,163949,54.28,51288.47,139027,3473,381,8859,5799,6410
BOBBY,341,163858,54.25,51342.72,110309,35269,2091,3495,5338,7356
KRISTIN,342,163323,54.08,51396.79,145897,4404,677,2417,4391,5537
TROY,343,162599,53.84,51450.63,120515,23976,1458,2618,6587,7445
RALPH,344,162517,53.81,51504.44,125022,16019,1051,2226,3077,15122
STACY,345,162112,53.67,51558.11,127887,15007,1209,3147,4619,10243
EVA,346,161326,53.41,51611.53,80513,12770,1139,7516,5161,54227
JON,347,161312,53.41,51664.94,137608,5289,1082,4125,4579,8629
EDWIN,348,160741,53.22,51718.16,58959,10775,720,8247,2077,79963
CARTER,349,160404,53.11,51771.27,121960,15773,1018,2310,10285,9058
CURTIS,350,159668,52.87,51824.13,104109,42874,1693,2073,5517,3402
JAVIER,351,158816,52.58,51876.71,2744,2133,213,408,243,153075
TARA,352,158364,52.43,51929.15,126461,13883,1297,4445,6507,5771
JAIME,353,158228,52.39,51981.54,43614,2503,493,4539,1970,105109
CARRIE,354,157743,52.23,52033.76,132164,13846,1240,2166,4413,3914
JEREMIAH,355,157205,52.05,52085.81,62504,49170,1849,3914,10444,29324
CHASE,356,157106,52.02,52137.83,123723,13951,1169,2122,8137,8004
COREY,357,156602,51.85,52189.68,104244,37630,1189,1580,6499,5460
WILLIE,358,156150,51.7,52241.38,20889,124757,892,1292,3717,4603
SEBASTIAN,359,156137,51.7,52293.08,41281,4820,523,3115,5207,101191
LILY,360,155676,51.54,52344.62,107573,2906,898,15307,9219,19773
RANDALL,361,155627,51.53,52396.15,137214,7306,1336,1932,4076,3763
WESLEY,362,155432,51.46,52447.61,121863,13350,1459,4776,6852,7132
MOLLY,363,153459,50.81,52498.42,139560,1393,635,3145,3765,4961
SYLVIA,364,152890,50.62,52549.04,71312,23860,1075,5041,2901,48701
EDUARDO,365,152641,50.54,52599.58,5595,691,146,4861,281,141067
JEFFERY,366,152241,50.41,52649.98,120846,19440,1284,1657,4512,4502
WYATT,367,152061,50.35,52700.33,132375,1855,1583,1077,7347,7824
SOFIA,368,151653,50.21,52750.54,39990,2298,277,5313,4156,99619
FERNANDO,369,151647,50.21,52800.75,7212,1936,424,2998,315,138762
LANDON,370,151004,50,52850.75,118254,8695,1280,2612,8401,11762
SAVANNAH,371,149935,49.64,52900.39,105909,10473,1350,1815,9542,20846
JOANN,372,149039,49.35,52949.74,116062,15461,950,3955,2630,9981
RAFAEL,373,148937,49.31,52999.05,8186,2195,204,2733,625,134994
KAITLYN,374,148535,49.18,53048.23,118818,5053,822,4920,6415,12507
LINDSEY,375,147979,48.99,53097.22,128242,3967,892,2274,4587,8017
HAILEY,376,147735,48.91,53146.14,109434,4820,1308,4013,7057,21103
ERIKA,377,147440,48.82,53194.95,59493,11800,503,3270,4120,68254
GINA,378,147070,48.69,53243.65,106054,7856,902,7604,4192,20462
OLIVER,379,146487,48.5,53292.15,95448,8495,653,5988,8854,27049
CATHY,380,146470,48.5,53340.64,121711,10166,713,5006,3202,5672
RICKY,381,146353,48.46,53389.1,95510,24559,1695,5879,4314,14396
DARLENE,382,145951,48.32,53437.42,106771,21269,1757,2313,3264,10577
GLENN,383,145763,48.26,53485.68,118820,13566,945,5206,3516,3710
TREVOR,384,145682,48.23,53533.92,119162,10342,1366,2023,6883,5906
DOMINIC,385,145019,48.01,53581.93,79109,12790,1214,4230,9023,38653
DEVIN,386,144817,47.95,53629.88,87546,26179,1429,3841,10504,15318
CARLA,387,144783,47.94,53677.82,85661,20738,1192,1475,3626,32091
HALEY,388,144725,47.92,53725.73,121847,3418,931,2238,6281,10010
DEBBIE,389,144403,47.81,53773.55,116215,10559,1163,3468,3579,9419
LAURIE,390,144352,47.79,53821.34,132234,2901,666,1506,2860,4185
SETH,391,144312,47.78,53869.12,119305,5494,1262,1868,6510,9873
TIM,392,143976,47.67,53916.79,124714,5841,980,5093,3417,3931
MADELINE,393,143901,47.64,53964.43,110213,3609,583,3387,5921,20188
IRENE,394,143807,47.61,54012.05,73951,11394,1261,11903,1836,43462
CHELSEA,395,143412,47.48,54059.53,103605,13222,1203,4102,6612,14668
EUGENE,396,143351,47.46,54106.99,98435,26288,1456,7082,3376,6714
BRETT,397,142068,47.04,54154.03,130280,2660,840,814,3935,3539
CASSANDRA,398,141757,46.93,54200.97,81017,26041,1186,2311,6125,25077
STACEY,399,141478,46.84,54247.81,111087,16101,914,2383,3997,6996
THEODORE,400,141169,46.74,54294.55,108129,14215,910,3919,6434,7562
JENNA,401,140774,46.61,54341.16,120257,2194,677,4241,5200,8205
RUBY,402,140133,46.4,54387.56,70907,23616,1131,6168,4663,33648
LYDIA,403,139562,46.21,54433.76,82585,10941,921,7781,4927,32407
SALLY,404,139328,46.13,54479.89,117494,4320,836,5377,2208,9093
REGINA,405,139154,46.07,54525.97,81007,32000,1259,4503,3925,16460
FREDERICK,406,138933,46,54571.97,101438,25069,827,3223,3332,5044
KELSEY,407,138740,45.94,54617.9,116950,6648,942,1979,5228,6993
HARRY,408,138541,45.87,54663.77,106277,15491,1222,5941,3048,6562
FRANCIS,409,138483,45.85,54709.62,102679,10511,1242,8505,2832,12714
ERIK,410,137635,45.57,54755.19,87108,5393,518,2107,3779,38730
HEIDI,411,137524,45.53,54800.73,117313,1266,557,3113,3429,11846
COLLEEN,412,137520,45.53,54846.26,127421,2831,773,1627,2641,2227
IVAN,413,137222,45.43,54891.69,34633,7686,743,5689,1778,86693
LEVI,414,136748,45.28,54936.97,103747,7905,1383,2115,7328,14270
SHELBY,415,136599,45.23,54982.2,116530,5898,1431,1026,5598,6116
BARRY,416,136550,45.21,55027.41,116096,13786,634,1520,2814,1700
BETH,417,136268,45.12,55072.52,129518,1452,430,934,2177,1757
STANLEY,418,135821,44.97,55117.49,96305,25169,1149,6515,3077,3606
YOLANDA,419,135786,44.96,55162.45,8520,34832,792,3887,1519,86236
MARVIN,420,135347,44.81,55207.26,66888,34729,1470,3883,2839,25538
HOWARD,421,134911,44.67,55251.93,105094,18997,1001,4554,2951,2314
COLE,422,134580,44.56,55296.49,117758,2049,926,1171,6572,6104
MAX,423,133912,44.34,55340.83,97118,3495,663,5602,5589,21445
PAIGE,424,133485,44.2,55385.02,112765,7225,758,1727,5621,5389
SERGIO,425,133230,44.11,55429.14,6031,1335,178,840,291,124555
JAKE,426,132608,43.91,55473.04,106978,2776,879,4072,4964,12939
DEAN,427,132117,43.74,55516.78,112439,4360,910,4162,4262,5984
EDGAR,428,132087,43.73,55560.52,20402,4909,322,3358,742,102354
LOIS,429,131658,43.59,55604.11,114771,11102,762,1270,1936,1817
RAUL,430,131542,43.55,55647.66,3301,624,209,2116,169,125123
GREG,431,131532,43.55,55691.21,111982,7831,827,1896,2782,6214
ESTHER,432,131095,43.4,55734.62,59130,17392,833,11499,2268,39973
LUCY,433,130373,43.17,55777.78,86643,7955,1024,7352,4025,23374
DIEGO,434,129967,43.03,55820.81,5004,899,217,600,376,122871
ISABEL,435,129716,42.95,55863.76,33548,1777,415,3952,3061,86963
VIVIAN,436,129222,42.78,55906.55,64602,19419,932,15552,4251,24466
FRED,437,129137,42.76,55949.3,96124,17457,1146,2814,2636,8960
ADDISON,438,128861,42.67,55991.97,107035,4243,761,1507,6570,8745
TAMARA,439,128722,42.62,56034.59,88925,24332,1168,891,4717,8689
JACKIE,440,128294,42.48,56077.06,92231,15730,1344,4651,3605,10733
GUADALUPE,441,128245,42.46,56119.52,1234,120,141,396,69,126285
DAN,442,127519,42.22,56161.75,104912,4232,747,9872,2408,5348
ANNETTE,443,126916,42.02,56203.77,80550,23420,1001,2007,2810,17128
OMAR,444,126838,42,56245.76,19474,14554,176,4501,2338,85795
ADRIANA,445,126686,41.94,56287.71,21925,4012,370,1013,2174,97192
RUBEN,446,126201,41.78,56329.49,6675,3203,530,2575,489,112729
ZOE,447,125886,41.68,56371.17,74317,11295,592,5081,9861,24740
JOSH,448,125623,41.59,56412.76,101968,5316,1038,3302,4243,9756
MAUREEN,449,125599,41.59,56454.35,114144,5115,294,2028,1493,2525
MARC,450,125340,41.5,56495.85,93553,11255,412,3600,3295,13225
SABRINA,451,125164,41.44,56537.29,61681,21562,928,6869,6396,27728
MACKENZIE,452,125022,41.39,56578.68,103288,6101,732,1239,6335,7327
VICKI,453,124995,41.39,56620.07,112577,4924,739,1639,2834,2282
LEONARD,454,124971,41.38,56661.45,85998,23603,1606,2470,3033,8261
JULIO,455,124932,41.36,56702.81,3294,1070,156,806,154,119452
CALVIN,456,124762,41.31,56744.12,62616,41720,1462,8513,5371,5080
KRISTINA,457,124530,41.23,56785.35,97021,5102,695,3962,5017,12733
MITCHELL,458,124131,41.1,56826.45,103567,7785,1077,2144,4086,5472
JOSEPHINE,459,123983,41.05,56867.5,75182,14990,1133,10832,3989,17857
COLIN,460,123028,40.73,56908.23,104204,4658,553,3493,5528,4592
ELI,461,122713,40.63,56948.86,81572,6725,1260,2765,6579,23812
LINDSAY,462,122644,40.61,56989.47,108034,2528,469,1637,3636,6340
SAM,463,121442,40.21,57029.68,84560,10407,1038,12437,3551,9449
TERRI,464,121164,40.12,57069.79,100708,12123,1092,1137,3540,2564
CESAR,465,121100,40.1,57109.89,2510,538,108,3048,124,114772
PARKER,466,120172,39.79,57149.68,102823,3374,675,1542,6425,5333
ELEANOR,467,120073,39.76,57189.43,97667,6472,657,4369,4414,6494
EILEEN,468,119997,39.73,57229.16,99582,2783,455,4825,1408,10944
AUBREY,469,119939,39.71,57268.87,83806,13294,893,1706,6607,13633
FAITH,470,119725,39.64,57308.51,73328,20810,1211,4418,6621,13337
XAVIER,471,119282,39.49,57348.01,21388,34783,1137,2001,9218,50755
DESTINY,472,119195,39.46,57387.47,41802,34867,1320,1303,7161,32742
BRENT,473,119139,39.45,57426.92,105403,5172,978,1550,3309,2727
NORA,474,119138,39.45,57466.36,76333,4445,747,4531,4231,28851
MELINDA,475,118803,39.33,57505.7,91853,7232,1017,3663,3527,11511
GABRIELLE,476,118800,39.33,57545.03,67811,22292,832,3385,7906,16574
HAYDEN,477,118662,39.29,57584.32,97149,3973,1093,2173,6551,7723
TOM,478,118359,39.19,57623.51,98994,3971,928,7929,2123,4414
LEO,479,118352,39.19,57662.69,71109,7735,1099,8079,4898,25432
YVONNE,480,118152,39.12,57701.81,54304,31305,1157,4975,3324,23087
KATELYN,481,117585,38.93,57740.75,96705,2980,617,3827,4542,8914
JOY,482,117512,38.91,57779.65,82620,17088,680,9072,3864,4188
ANGELICA,483,117160,38.79,57818.44,13802,5500,461,4309,1985,91103
COLTON,484,117147,38.79,57857.23,104358,1025,1114,700,5168,4782
GARRETT,485,116551,38.59,57895.82,101146,3316,1056,1481,4708,4844
ALEXA,486,115939,38.39,57934.21,57063,3101,319,2106,4256,49094
ANNIE,487,115895,38.37,57972.58,47366,42699,1062,15605,2591,6572
KAYLEE,488,115418,38.21,58010.79,81010,5490,1101,3506,5928,18383
NICK,488,115418,38.21,58049.01,91546,3900,799,4201,3033,11939
ANDRES,490,115086,38.1,58087.11,3255,708,234,1185,227,109477
ELENA,491,114537,37.92,58125.03,49236,1778,513,5753,2839,54418
ERNEST,492,114301,37.84,58162.88,65687,27574,1383,2296,2911,14450
RAMON,493,114141,37.79,58200.67,4592,4858,327,4194,544,99626
SONIA,494,113731,37.66,58238.32,19615,10015,342,8166,1840,73753
PEYTON,495,113473,37.57,58275.9,87887,9292,1066,1650,6912,6666
CORY,496,113341,37.53,58313.42,91164,11454,975,1215,4341,4192
MARCIA,497,113323,37.52,58350.94,87929,13946,433,974,1921,8120
NAOMI,498,113168,37.47,58388.41,52159,19889,1034,6686,8282,25118
KARLA,499,113141,37.46,58425.87,37937,4525,463,810,1335,68071
GABRIELA,500,112857,37.37,58463.24,12515,1037,119,666,731,97789
ROSEMARY,501,112644,37.3,58500.53,81834,8567,646,1911,1899,17787
DEANNA,502,112507,37.25,58537.78,86787,9821,1251,1642,3975,9031
JENNY,503,111783,37.01,58574.79,56821,2577,620,23137,2401,26227
MARISSA,504,111563,36.94,58611.73,63850,5806,910,4893,5436,30668
MELVIN,505,111414,36.89,58648.62,49442,39021,1360,3283,2433,15875
BAILEY,506,111403,36.88,58685.51,91522,5420,970,1363,5450,6678
ALISON,507,111217,36.82,58722.33,88856,2820,393,3208,2997,12943
AUTUMN,508,110880,36.71,58759.04,80164,12378,1598,1230,7313,8197
DERRICK,509,110566,36.61,58795.65,34872,60416,1274,3003,4656,6345
MATT,510,110474,36.58,58832.23,98894,1624,607,2132,2577,4640
CARSON,511,110436,36.56,58868.79,93134,4939,719,1634,4899,5111
ANDRE,512,110187,36.48,58905.27,22523,59829,658,2960,6460,17757
DON,513,109811,36.36,58941.63,86438,10538,930,5701,2757,3447
GABRIELLA,514,109553,36.27,58977.9,51997,5970,549,1904,5712,43421
EDDIE,515,109395,36.22,59014.12,38396,37375,1010,4056,2604,25954
TRISTAN,516,109394,36.22,59050.34,67443,12987,1396,3886,8660,15022
CECILIA,517,109385,36.22,59086.56,34015,5151,512,7905,2164,59638
NORMAN,518,109382,36.22,59122.77,84416,13070,1108,3837,2392,4559
CLARA,519,109249,36.17,59158.95,64473,11873,780,3503,3173,25447
GRANT,520,109202,36.16,59195.1,95092,3300,527,2155,4475,3653
BRAYDEN,521,109058,36.11,59231.21,83955,6443,933,1944,7102,8681
AIDAN,522,108852,36.04,59267.25,76541,3701,553,4057,7520,16480
BRYCE,523,107823,35.7,59302.95,81972,11253,745,1808,6288,5757
MIRIAM,524,107721,35.67,59338.62,44714,5447,205,2418,1539,53398
RAY,525,107588,35.62,59374.24,66146,15634,1223,5149,2888,16548
BEN,526,107540,35.61,59409.84,82718,6236,855,6909,3140,7682
LORRAINE,527,107539,35.61,59445.45,80213,11453,1032,2353,1968,10520
MARCO,528,106983,35.42,59480.87,16031,3454,223,1715,958,84602
MARLENE,529,106957,35.41,59516.28,69064,8367,1102,2132,1477,24815
SPENCER,530,106320,35.2,59551.49,87070,6495,620,2536,4960,4639
TANYA,531,105773,35.02,59586.51,60794,20694,1258,3836,4511,14680
RONNIE,532,105398,34.9,59621.4,67155,24735,1258,2214,3241,6795
CHARLIE,533,104899,34.73,59656.13,64249,18873,1070,4991,3832,11884
JOANNA,534,104733,34.68,59690.81,62519,5172,532,7273,2876,26361
DOLORES,535,104668,34.65,59725.47,62223,5448,418,2617,1067,32895
JEANNE,536,104567,34.62,59760.09,95020,3269,336,2231,1685,2026
JESSIE,537,104530,34.61,59794.7,56018,21985,1266,4993,3314,16954
ROBERTA,538,104464,34.59,59829.28,84805,7870,1460,979,2245,7105
MARYANN,539,104050,34.45,59863.73,87774,2684,385,5079,1391,6737
KYLIE,540,103256,34.19,59897.92,77298,5580,917,3185,5994,10282
DARRELL,541,103234,34.18,59932.1,67505,27945,1711,924,3129,2020
MAYA,542,102998,34.1,59966.2,42782,15191,477,8446,11552,24550
DAKOTA,543,102679,34,60000.2,80496,5895,2586,449,7287,5966
CAITLIN,544,102633,33.98,60034.18,89032,1651,404,2225,4235,5086
ARMANDO,545,102572,33.96,60068.14,3521,613,235,1992,195,96016
ALMA,546,102368,33.89,60102.04,21100,8039,282,3051,801,69095
TOMMY,547,101698,33.67,60135.71,63508,17108,1527,8650,3199,7706
OLGA,548,101652,33.66,60169.36,32437,1869,161,687,387,66111
TONYA,549,100566,33.3,60202.66,67237,24981,1182,433,3911,2822
MIRANDA,550,99789,33.04,60235.7,64780,4947,1146,1907,4060,22949
SUE,551,99614,32.98,60268.68,86478,2356,493,6566,1766,1955
NICOLAS,552,99606,32.98,60301.66,35905,3441,306,2157,2688,55109
JIM,553,99342,32.89,60334.55,83029,3827,953,4575,2084,4874
BRAD,554,99075,32.8,60367.35,90499,2899,663,907,2079,2028
JUANITA,555,98829,32.72,60400.08,36208,22799,1271,2076,2222,34253
JEANETTE,556,98711,32.68,60432.76,63772,13830,746,2441,2143,15779
ANGELINA,557,98689,32.68,60465.43,34036,4421,777,7692,3643,48120
JOCELYN,558,98534,32.62,60498.06,33539,8074,481,8901,3435,44104
RICK,559,98271,32.54,60530.59,81351,3178,831,2469,2478,7964
MICAH,560,97929,32.42,60563.02,57568,18335,897,3403,8669,9057
MARJORIE,561,97793,32.38,60595.4,79027,9028,569,2359,1636,5174
CHARLENE,562,97322,32.22,60627.62,66789,17804,1379,3719,3131,4500
NINA,563,96873,32.07,60659.69,60545,10289,665,8183,4692,12499
ALBERTO,564,96607,31.99,60691.68,3643,682,94,2297,154,89737
BROOKLYN,565,96523,31.96,60723.64,65951,12680,831,833,7294,8934
LOUISE,566,96364,31.91,60755.54,73388,14509,1015,1700,1708,4044
ARIANA,567,95572,31.64,60787.19,25282,9669,587,2967,5381,51686
JOSIAH,568,95179,31.51,60818.7,31464,26668,1127,2481,7442,25997
NOLAN,569,94523,31.3,60850,74092,4630,719,3187,4957,6938
MARGARITA,570,93536,30.97,60880.97,6264,518,156,1829,173,84596
KARA,571,93454,30.94,60911.91,80118,3290,638,2259,3760,3389
STELLA,572,93369,30.91,60942.82,61158,7246,749,5867,4034,14315
EDITH,573,92917,30.76,60973.59,49254,10679,579,1882,1523,29000
JEROME,574,92856,30.74,61004.33,48143,34970,943,3141,2701,2958
JUNE,575,92673,30.68,61035.01,73299,7407,638,5823,2541,2965
EARL,576,92565,30.65,61065.66,62791,23030,1047,1504,2552,1641
BRANDY,577,92457,30.61,61096.27,69160,9973,1056,681,4271,7316
GERALDINE,578,92416,30.6,61126.87,62342,17482,948,2857,1416,7371
HARPER,579,92380,30.59,61157.46,77376,2852,508,1274,5498,4872
ALFRED,580,92297,30.56,61188.02,52167,20573,1119,3146,2043,13249
CHRISTY,581,91663,30.35,61218.37,74883,5082,733,3313,2861,4791
ANDY,582,91634,30.34,61248.7,36829,3617,546,19280,1345,30017
LORETTA,583,91196,30.19,61278.9,65903,15355,1322,1158,2303,5155
BLANCA,584,91172,30.19,61309.09,964,153,57,218,45,89735
CLAYTON,585,91109,30.17,61339.25,76882,5611,1081,1425,3520,2590
LUZ,586,90898,30.1,61369.35,709,175,46,2147,65,87756
MARIAH,587,90629,30.01,61399.35,36351,21006,1489,984,7794,23005
DAISY,588,90390,29.93,61429.28,20453,8500,622,5702,1662,53451
KATRINA,589,90141,29.85,61459.13,54139,19318,805,4353,4245,7281
ENRIQUE,590,90045,29.81,61488.94,1665,796,135,1629,164,85656
ALFREDO,591,89730,29.71,61518.65,2664,624,124,3613,165,82540
CONSTANCE,592,89616,29.67,61548.32,71304,13359,451,870,1933,1699
MEGHAN,593,89558,29.65,61577.97,80611,1627,227,1177,2495,3421
BETHANY,594,89510,29.64,61607.61,75408,2721,522,1585,3392,5882
NATASHA,595,89479,29.63,61637.23,38101,25788,1225,4376,5830,14159
GLENDA,596,89350,29.58,61666.82,60072,12457,829,1602,2078,12312
JUANA,597,88953,29.45,61696.27,951,727,126,488,72,86589
WHITNEY,598,88895,29.43,61725.7,66530,13425,812,966,4140,3022
COOPER,599,88783,29.4,61755.1,79066,851,558,753,4077,3478
NATALIA,600,88099,29.17,61784.27,27451,3278,378,1231,2051,53710
ELIAS,601,88030,29.15,61813.41,26310,4657,783,1555,3501,51224
EMMANUEL,602,87987,29.13,61842.54,6090,29407,267,4816,1527,45880
PRISCILLA,603,87905,29.1,61871.65,34620,13101,1028,4812,1860,32484
DARREN,604,87892,29.1,61900.75,58524,15763,1254,4948,3308,4095
PRESTON,605,87764,29.06,61929.81,63038,10654,1059,2785,5023,5205
MAKAYLA,606,87615,29.01,61958.82,46878,20458,785,1238,7060,11196
WARREN,607,87422,28.94,61987.76,63727,14622,934,3170,2866,2103
ARIEL,608,87269,28.89,62016.66,30670,14481,628,4288,3827,33375
TANNER,609,86958,28.79,62045.45,78101,992,806,647,3363,3049
KATE,610,86821,28.75,62074.19,71943,1782,251,4153,2422,6270
MELODY,611,86671,28.7,62102.89,54112,8430,789,5079,4066,14195
LANCE,612,86544,28.65,62131.54,65776,9127,1286,3113,3514,3728
MARSHA,613,86241,28.55,62160.1,70176,10906,640,879,1974,1666
SOPHIE,614,86140,28.52,62188.62,62031,2193,523,6263,4923,10207
GRAYSON,615,86129,28.52,62217.13,68045,3269,605,1301,5871,7038
SIERRA,616,85587,28.34,62245.47,54354,11500,1140,1025,6736,10832
BRENDAN,617,85399,28.28,62273.75,72196,2875,340,2055,3556,4377
ARLENE,618,85378,28.27,62302.01,57068,7903,998,5499,1116,12794
GERARDO,619,85108,28.18,62330.19,1889,146,65,1548,57,81403
LAYLA,620,84915,28.11,62358.31,44294,12175,843,1640,7280,18683
BRADY,621,84828,28.09,62386.39,75985,1236,482,1134,2913,3078
BRANDI,622,84733,28.05,62414.45,64117,11071,928,447,3761,4409
MICHEAL,623,84520,27.98,62442.43,52660,17915,1162,1190,2921,8672
KENDRA,624,84515,27.98,62470.42,53930,17013,843,767,3776,8186
IRMA,625,84432,27.95,62498.37,9333,4287,210,980,288,69334
ARTURO,626,84409,27.95,62526.32,1574,454,125,2060,127,80069
VICKIE,627,84328,27.92,62554.24,69176,9349,624,1021,2211,1947
ALEXANDRIA,628,84201,27.88,62582.12,49748,11299,715,1619,5676,15144
ABRAHAM,629,84019,27.82,62609.93,22173,7276,346,4620,1558,48046
JADE,630,83703,27.71,62637.65,36730,14532,990,4543,7312,19596
KERRY,631,83554,27.66,62665.31,70021,7887,492,1265,2152,1737
RENE,632,83545,27.66,62692.97,19763,3809,313,2112,1051,56497
TRACEY,633,83396,27.61,62720.59,60879,16362,517,1206,2382,2050
MAXWELL,634,83276,27.57,62748.16,64123,4779,223,2597,5797,5757
LETICIA,635,83209,27.55,62775.71,3564,2356,225,3160,411,73493
MILDRED,636,83145,27.53,62803.24,52502,17234,605,1923,1380,9501
JADEN,637,83111,27.52,62830.75,30725,21207,895,4777,7316,18191
KENDALL,638,83080,27.51,62858.26,57248,15941,669,983,4326,3913
CLARENCE,639,82718,27.39,62885.65,43154,33145,974,1543,2485,1417
LEONARDO,640,82532,27.33,62912.97,10467,1396,132,2914,1008,66615
BERNARD,641,82517,27.32,62940.29,53504,21355,569,2740,1608,2741
ASHTON,642,82424,27.29,62967.58,54777,13279,917,1598,5270,6583
MADELYN,643,82370,27.27,62994.86,64421,1593,291,1905,3461,10699
GLADYS,644,81884,27.11,63021.97,27233,15886,474,1862,956,35473
JAN,645,81847,27.1,63049.07,69782,2769,291,3011,1528,4466
PENNY,646,81502,26.98,63076.05,72400,3243,608,1227,2422,1602
CRISTINA,647,81412,26.95,63103.01,16987,942,134,4841,851,57657
BRIDGET,648,81357,26.94,63129.94,65264,8167,394,750,2078,4704
ZOEY,649,81211,26.89,63156.83,51496,7601,766,2846,5995,12507
NEIL,650,81116,26.86,63183.69,65129,2950,449,7797,2212,2579
TONI,651,81028,26.83,63210.52,56489,13992,900,995,2858,5794
LEON,652,81000,26.82,63237.34,39056,25802,1145,4224,2964,7809
CAROLE,653,80907,26.79,63264.12,74167,3436,320,738,1166,1080
SANTIAGO,654,80841,26.77,63290.89,2247,308,201,724,127,77234
IRIS,655,80802,26.75,63317.64,27394,8062,475,5223,2261,37387
SILVIA,656,80783,26.75,63344.39,7614,960,106,862,272,70969
PABLO,657,80700,26.72,63371.11,2049,416,120,963,129,77023
ARIANNA,658,80588,26.68,63397.79,26396,11577,683,1895,6024,34013
FELIX,659,80554,26.67,63424.46,13939,5924,423,4382,1438,54448
HAZEL,660,80464,26.64,63451.1,51826,11547,709,3452,3468,9462
SALVADOR,661,80158,26.54,63477.64,1800,162,132,1434,112,76518
DREW,662,80028,26.5,63504.14,68635,3612,454,962,2973,3392
BRIANA,663,79989,26.48,63530.62,29858,16573,464,1012,3611,28471
DIANNE,664,79704,26.39,63557.01,64319,9280,291,1486,1417,2911
ROMAN,665,79667,26.38,63583.39,36212,5725,560,1922,4619,30629
MARION,666,79606,26.36,63609.75,59867,14212,493,1095,1785,2154
DANIELA,667,78958,26.14,63635.89,14190,990,91,493,451,62743
CLIFFORD,668,78911,26.13,63662.02,58590,13393,974,1839,2445,1670
DEVON,669,78789,26.09,63688.1,45600,19788,701,1075,5729,5896
JILLIAN,670,78772,26.08,63714.18,65152,2919,356,1936,3078,5331
KARINA,671,78584,26.02,63740.2,12311,1334,135,2381,1381,61042
DAMIAN,672,78539,26,63766.21,22549,6958,618,947,2641,44826
ALEJANDRA,673,78499,25.99,63792.2,1309,247,81,405,99,76358
GORDON,674,78484,25.99,63818.18,67251,4322,759,3069,1979,1104
ERICK,675,78395,25.96,63844.14,12857,5584,253,1307,900,57494
NELSON,676,78251,25.91,63870.05,20451,6574,703,5307,969,44247
FELICIA,677,78101,25.86,63895.91,27778,32683,923,1703,2988,12026
JOHNATHAN,678,78085,25.85,63921.76,43245,12768,802,1973,3654,15643
FRANKLIN,679,78049,25.84,63947.6,45121,11220,889,2678,2362,15779
BILL,680,77812,25.76,63973.36,65489,3430,825,3566,1801,2701
MILES,681,77428,25.64,63999,53245,8280,524,2193,7044,6142
SKYLAR,682,77382,25.62,64024.62,49502,14345,768,1639,5292,5836
KENNEDY,683,77119,25.53,64050.15,45474,19734,498,1224,4829,5360
KAY,684,77013,25.5,64075.65,65274,4768,364,3830,1459,1318
KRISTINE,685,76923,25.47,64101.12,64472,997,272,5553,1880,3749
GEORGIA,686,76253,25.25,64126.37,58266,10916,678,595,2543,3255
JAXON,687,76203,25.23,64151.6,54949,4563,671,1030,6066,8924
HOPE,688,75728,25.07,64176.67,53483,8939,685,2011,3531,7079
SANDY,689,75707,25.07,64201.74,45939,5107,497,8203,1674,14287
SHELLY,690,75248,24.91,64226.65,62933,4539,877,1948,2365,2586
SADIE,691,75240,24.91,64251.56,58090,5027,808,904,3473,6938
RACHAEL,692,75091,24.86,64276.43,60827,3695,527,1553,3249,5240
KURT,693,74867,24.79,64301.21,67843,2313,299,1272,1572,1568
GWENDOLYN,694,74577,24.69,64325.91,33746,34951,562,861,2432,2025
LILIANA,695,74437,24.65,64350.55,15910,651,166,676,1823,55211
ISABELLE,696,74127,24.54,64375.09,48094,2838,532,3685,4680,14298
RON,697,74027,24.51,64399.6,58980,6432,788,2623,1907,3297
GUSTAVO,698,73693,24.4,64424,3332,261,73,193,125,69709
CANDACE,699,73538,24.35,64448.35,53084,12357,828,1167,2795,3307
KARL,700,73523,24.34,64472.69,59366,7768,342,1870,1913,2264
ALVIN,701,72972,24.16,64496.85,30811,25072,1064,8865,1639,5521
GLEN,702,72859,24.12,64520.98,60531,5896,624,1950,1879,1979
MARINA,703,72814,24.11,64545.09,33277,1319,240,3486,1626,32866
COLLIN,704,72621,24.04,64569.13,60472,4009,442,1619,3318,2761
MAGGIE,705,72615,24.04,64593.17,52710,6574,632,4832,1974,5893
JODY,706,72571,24.03,64617.2,65194,1892,636,868,1996,1985
CAMILA,707,72541,24.02,64641.22,5361,693,105,578,480,65324
VIOLET,708,72515,24.01,64665.23,50193,4162,740,1874,4195,11351
ABBY,709,72429,23.98,64689.21,60221,1205,398,2100,1962,6543
BIANCA,710,72258,23.92,64713.13,16058,11814,309,2074,2511,39492
ISRAEL,711,72112,23.88,64737.01,7526,6678,247,711,1241,55709
DUANE,712,71876,23.8,64760.81,58759,8154,985,780,1811,1387
PAYTON,713,71783,23.77,64784.57,56841,5260,804,639,4179,4060
MATHEW,714,71770,23.76,64808.34,49105,2415,611,3913,2358,13368
JODI,715,71742,23.75,64832.09,66226,1170,438,869,1683,1356
LUCIA,716,71626,23.71,64855.8,19192,1210,149,2568,1054,47453
HERBERT,717,71493,23.67,64879.47,47137,16084,718,1636,1550,4368
MAURICE,718,71282,23.6,64903.08,21169,42753,481,715,2711,3453
MONIQUE,719,71265,23.6,64926.67,17964,30797,642,1554,3324,16984
MARCOS,720,71182,23.57,64950.24,4248,855,202,587,211,65079
ANGIE,721,70854,23.46,64973.7,36424,4322,514,3585,1379,24630
SHERRI,722,70739,23.42,64997.12,60240,6071,626,512,2132,1158
SUMMER,723,70690,23.41,65020.52,51202,6411,1077,2040,4323,5637
ELLIE,724,70665,23.4,65043.92,54154,919,361,4374,3175,7682
PAULINE,725,70437,23.32,65067.24,46478,11907,950,4329,1422,5351
MISTY,726,70426,23.32,65090.56,59874,2048,1254,520,3315,3415
TRINITY,727,70210,23.25,65113.81,32575,20075,870,1658,6070,8962
DESIREE,728,69938,23.16,65136.96,29007,13125,819,1919,3972,21096
SHERYL,729,69909,23.15,65160.11,57458,7031,482,2045,1685,1208
ALLAN,730,69666,23.07,65183.17,48001,4416,341,5535,1519,9854
RAQUEL,731,69606,23.05,65206.22,9170,5279,448,2548,1102,51059
KRISTI,732,69584,23.04,65229.26,62382,1666,471,1140,2025,1900
KEN,733,69580,23.04,65252.3,51727,4490,436,8590,2141,2196
BRITTNEY,734,69442,22.99,65275.29,44619,13792,513,816,3047,6655
ALI,735,69300,22.94,65298.23,43781,7659,208,9017,4350,4285
CAROLINA,735,69300,22.94,65321.18,8287,659,126,2168,461,57599
AALIYAH,737,69237,22.92,65344.1,9520,27363,882,1382,8503,21587
MEREDITH,738,69220,22.92,65367.02,62430,1715,237,713,1731,2394
EDNA,739,68960,22.83,65389.85,37119,13902,519,4132,1258,12030
REGINALD,740,68887,22.81,65412.66,9914,53688,385,1332,2268,1300
DALTON,741,68878,22.81,65435.47,60561,1879,816,434,2872,2316
GILBERT,742,68856,22.8,65458.26,23711,6407,1064,3114,967,33593
CRISTIAN,743,68804,22.78,65481.04,5333,935,75,330,341,61790
SIMON,744,68778,22.77,65503.82,38143,5127,346,7923,2563,14676
KALEB,745,68288,22.61,65526.43,41440,11768,831,1087,4671,8491
BECKY,746,68254,22.6,65549.02,59532,1155,560,1837,1547,3623
ERNESTO,747,68249,22.6,65571.62,1704,444,124,4252,152,61573
BREANNA,748,68071,22.54,65594.16,43203,10006,645,827,4046,9344
DAVE,749,67933,22.49,65616.65,54555,5491,462,2695,1430,3300
LEROY,750,67713,22.42,65639.07,33046,26545,1094,623,1632,4773
HARRISON,751,67130,22.23,65661.3,52604,4044,624,2582,3582,3694
BRODY,752,67103,22.22,65683.51,58856,505,553,400,2868,3921
AURORA,753,66929,22.16,65705.67,26360,1313,596,3935,3537,31188
KRISTA,754,66763,22.1,65727.78,58189,1877,454,760,2171,3312
BELLA,755,66736,22.1,65749.88,32961,5263,447,4059,3488,20518
KELLI,756,66654,22.07,65771.94,57981,3778,458,722,2060,1655
LORENZO,757,66591,22.05,65793.99,8581,14467,665,1953,1596,39329
QUINN,758,66540,22.03,65816.02,54096,2689,307,1384,4334,3730
GIOVANNI,759,66483,22.01,65838.03,16880,4269,158,900,2205,42071
REBEKAH,760,66473,22.01,65860.04,53842,2058,379,1496,3189,5509
LINCOLN,761,66385,21.98,65882.02,50817,2952,428,1569,4794,5825
JULIANA,762,65987,21.85,65903.87,28604,3409,261,3083,2278,28352
PENELOPE,763,65813,21.79,65925.66,42040,1852,379,1574,4006,15962
MAYRA,764,65661,21.74,65947.4,828,226,38,315,49,64205
AYDEN,765,65631,21.73,65969.13,30673,12348,553,2044,4454,15559
DARRYL,766,65346,21.64,65990.77,26373,33158,642,1401,2246,1526
HUDSON,767,65103,21.56,66012.32,55698,954,292,1090,3441,3628
JACE,768,64937,21.5,66033.82,43237,7712,835,1238,4528,7387
SCARLETT,769,64821,21.46,66055.28,42263,938,434,1371,3686,16129
LYNDA,770,64731,21.43,66076.72,54733,4215,323,1154,1506,2800
GENE,771,64464,21.34,66098.06,51699,5337,629,2664,1615,2520
BERTHA,772,64458,21.34,66119.4,13787,12563,559,371,617,36561
SHAUN,773,64428,21.33,66140.73,46265,9029,602,2074,3406,3052
SHELLEY,774,64255,21.27,66162.01,56241,3199,469,1199,1756,1391
GIANNA,775,64222,21.26,66183.27,35774,3665,178,1320,4002,19283
ABEL,776,63703,21.09,66204.36,12265,3173,345,1190,1118,45612
VALERIA,777,63599,21.06,66225.42,6332,2809,108,217,232,53901
JONAH,778,63553,21.04,66246.46,42415,3980,568,2705,4766,9119
KRISTY,779,63540,21.04,66267.5,52194,2525,572,2403,1924,3922
LEWIS,780,63423,21,66288.5,44575,11699,640,917,1908,3684
LLOYD,781,63242,20.94,66309.44,45498,12116,778,1532,1730,1588
MATEO,782,63140,20.91,66330.34,4542,879,246,811,908,55754
MERCEDES,783,62843,20.81,66351.15,11042,6335,380,1971,1603,41512
GENESIS,784,62797,20.79,66371.94,3369,6904,197,816,1134,50377
KRYSTAL,785,62784,20.79,66392.73,32824,11101,666,1796,2587,13810
RAMONA,786,62768,20.78,66413.51,26020,6756,1018,1035,1686,26253
DOMINIQUE,787,62490,20.69,66434.2,12398,33926,494,1271,4176,10225
BELINDA,788,62427,20.67,66454.87,31285,12488,529,2304,1730,14091
CARLY,789,62426,20.67,66475.54,53720,1278,318,855,2131,4124
CAMILLE,790,62247,20.61,66496.15,34798,13476,373,2952,3428,7220
FLORENCE,791,62186,20.59,66516.74,42662,11903,546,3624,1250,2201
PATSY,792,62117,20.57,66537.3,51895,5157,577,499,1348,2641
LORENA,793,61912,20.5,66557.8,7236,1072,371,1048,381,51804
GUILLERMO,794,61840,20.47,66578.28,893,154,65,805,69,59854
NOEL,795,61697,20.43,66598.71,22087,6052,276,5580,1598,26104
DORA,796,61603,20.4,66619.1,16249,5598,424,1201,676,37455
MARIAN,797,61582,20.39,66639.49,45615,7353,407,2240,1064,4903
ASHER,798,61309,20.3,66659.79,45298,2839,443,2188,4798,5743
ELISE,799,61120,20.24,66680.03,44558,4235,240,2563,3300,6224
JACQUELYN,800,60912,20.17,66700.19,41968,9947,296,1003,1903,5795
DELORES,801,60886,20.16,66720.35,37161,18593,754,161,1149,3068
JOSUE,802,60568,20.05,66740.41,1311,1514,63,212,92,57376
NEVAEH,803,60294,19.96,66760.37,20964,16656,1029,484,7239,13922
CANDICE,804,59918,19.84,66780.21,39189,11281,674,1769,2643,4362
CHEYENNE,805,59826,19.81,66800.02,40839,5295,1934,728,5549,5481
CADEN,806,59391,19.66,66819.68,45712,3896,471,1559,3738,4015
ROSS,807,59347,19.65,66839.33,52316,1943,383,1110,1516,2079
HUGO,808,59064,19.56,66858.89,5491,443,62,719,505,51844
CORA,809,58912,19.51,66878.39,42894,7599,451,1288,3087,3593
LUCILLE,810,58883,19.5,66897.89,43097,8895,607,995,1460,3829
REAGAN,811,58854,19.49,66917.37,48293,3299,280,946,2953,3083
BRYSON,812,58586,19.4,66936.77,36549,11807,667,1159,4383,4021
FELIPE,813,58518,19.37,66956.15,3550,422,100,1212,186,53048
KADEN,814,58483,19.36,66975.51,39395,7252,710,1878,4648,4600
BEATRICE,815,58358,19.32,66994.83,28013,14583,448,1472,1331,12511
EVERETT,816,58343,19.32,67014.15,45488,5477,557,775,2944,3102
ROBYN,817,58118,19.24,67033.39,47008,5479,485,988,2175,1983
JO,818,57896,19.17,67052.56,47987,4310,473,1097,1444,2585
BYRON,819,57838,19.15,67071.71,27165,16483,762,1377,1838,10213
DILLON,820,57536,19.05,67090.76,45843,2786,639,1368,2765,4135
MARSHALL,821,57530,19.05,67109.81,44412,7444,554,741,2227,2152
JADA,822,57492,19.04,67128.84,12831,31331,470,951,5831,6078
JOEY,823,57452,19.02,67147.86,37122,3583,742,4126,1851,10028
MARIANNE,824,57190,18.94,67166.8,50911,838,156,1918,872,2495
ORLANDO,825,57038,18.88,67185.68,2694,8666,478,1867,584,42749
MCKENZIE,826,56891,18.84,67204.52,42421,7016,511,479,3060,3404
SONYA,827,56884,18.83,67223.35,29166,15759,730,1855,2443,6931
VERNON,828,56774,18.8,67242.15,37109,15044,1120,852,1617,1032
ADRIENNE,829,56600,18.74,67260.89,35009,12855,418,1530,2353,4435
GRACIE,830,56335,18.65,67279.54,41726,3857,649,693,2247,7163
SAWYER,831,56258,18.63,67298.17,50361,278,297,290,2574,2458
MARIANA,832,56195,18.61,67316.78,9482,1153,141,531,579,44309
SKYLER,833,56086,18.57,67335.35,41269,3915,804,1681,3729,4688
NADIA,834,56038,18.55,67353.9,21121,10157,208,4241,3468,16843
VERA,835,55793,18.47,67372.37,37216,11051,525,1536,1692,3773
DWAYNE,836,55731,18.45,67390.82,24258,26523,605,617,1960,1768
BILLIE,837,55681,18.44,67409.26,46765,4728,777,255,1955,1201
CASSIDY,838,55591,18.41,67427.67,43969,3428,376,1275,2907,3636
ANGELO,839,55365,18.33,67446,24972,6474,432,2991,1551,18945
KIRK,840,55258,18.3,67464.29,45211,5878,365,887,1483,1434
NICHOLE,841,55225,18.28,67482.58,41214,5152,453,644,2473,5289
KARI,842,55013,18.21,67500.79,49350,1441,364,768,1607,1483
CLINTON,843,54830,18.15,67518.95,41121,9098,715,731,2006,1159
HILDA,844,54734,18.12,67537.07,13151,3435,215,975,342,36616
BOBBIE,845,54719,18.12,67555.18,37538,12919,607,337,1742,1576
LILLY,846,54549,18.06,67573.25,39037,2067,630,2343,2865,7607
LYNNE,847,54520,18.05,67591.3,50381,1534,102,1030,823,650
ALANA,848,54144,17.93,67609.22,28103,9361,486,1826,4673,9695
GUY,849,54140,17.93,67627.15,43951,4839,505,1057,1493,2295
KENT,850,54011,17.88,67645.03,46010,2865,266,2594,1224,1052
MARTA,851,53965,17.87,67662.9,13807,838,59,251,251,38759
SIDNEY,852,53876,17.84,67680.74,35698,10492,480,1505,2288,3413
THELMA,853,53798,17.81,67698.55,27260,15354,477,2610,1089,7008
DALLAS,854,53587,17.74,67716.29,37290,8402,774,458,2871,3792
YVETTE,855,53502,17.71,67734.01,11996,16244,442,1237,1299,22284
ARIA,856,53370,17.67,67751.68,25604,5975,360,3720,5667,12044
GAGE,857,53254,17.63,67769.31,45578,627,628,196,2774,3451
KAI,858,53210,17.62,67786.93,18347,8544,394,8459,10350,7116
RYLEE,859,53189,17.61,67804.54,42474,2895,526,627,2966,3701
EZRA,860,52905,17.52,67822.05,28132,5129,396,1729,4291,13228
FATIMA,861,52706,17.45,67839.5,11141,6938,72,7739,1323,25493
EASTON,862,52583,17.41,67856.91,44713,1028,499,378,2494,3471
JONATHON,863,52578,17.41,67874.32,38856,2662,408,699,2089,7864
ROXANNE,864,52499,17.38,67891.7,34798,4672,604,1723,1747,8955
JORDYN,865,52489,17.38,67909.08,29033,13009,411,637,4322,5077
SHERI,866,52464,17.37,67926.45,46257,2555,361,700,1534,1057
ELISA,867,52350,17.33,67943.79,16108,2174,204,3241,1039,29584
MALLORY,868,52302,17.32,67961.1,45545,1657,327,398,1770,2605
STUART,869,52142,17.26,67978.37,47453,1351,262,771,1168,1137
MILTON,870,51885,17.18,67995.55,21268,14497,387,1112,935,13686
SAUL,871,51859,17.17,68012.72,4182,851,79,205,190,46352
MARIBEL,872,51830,17.16,68029.88,706,107,44,1597,77,49299
MOHAMMAD,873,51752,17.13,68047.01,17735,793,42,29461,3373,348
ROLAND,874,51668,17.11,68064.12,31062,8733,617,2824,1561,6871
KENNY,875,51663,17.11,68081.22,24767,7794,546,8473,1385,8698
GAYLE,876,51629,17.09,68098.32,45888,3095,246,867,885,648
TERRENCE,877,51591,17.08,68115.4,24206,22806,389,1201,1882,1107
KAYDEN,878,51572,17.08,68132.47,24709,13061,615,1848,4600,6739
KAITLIN,879,51539,17.06,68149.54,43985,1230,264,1183,2043,2834
LONNIE,880,51395,17.02,68166.55,34969,12342,658,309,1792,1325
ISMAEL,881,51337,17,68183.55,1359,1307,88,744,165,47674
CONNER,882,51304,16.99,68200.54,44485,874,403,644,2410,2488
LENA,883,51226,16.96,68217.5,31978,7695,873,3838,2438,4404
GENEVIEVE,884,51139,16.93,68234.43,36282,2615,532,1973,2522,7215
CELESTE,885,51118,16.92,68251.36,22972,5401,407,1430,1841,19067
TERRANCE,886,51101,16.92,68268.27,17921,28637,653,622,2082,1186
BOB,887,51099,16.92,68285.19,42275,2814,472,2043,1090,2405
ROSEMARIE,888,51047,16.9,68302.09,36833,3343,203,3745,857,6066
MYA,889,51023,16.89,68318.99,18916,12471,592,1618,5757,11669
DARYL,890,50924,16.86,68335.85,33767,12254,568,1489,1521,1325
RODOLFO,891,50873,16.84,68352.69,1147,119,50,3967,101,45489
ESMERALDA,892,50743,16.8,68369.49,1269,213,98,532,75,48556
WADE,893,50706,16.79,68386.28,43264,3499,583,635,1702,1023
TYRONE,894,50648,16.77,68403.05,4089,41369,694,658,2141,1697
KIRSTEN,895,50530,16.73,68419.78,42105,2940,283,1088,1941,2173
DOUG,896,50323,16.66,68436.44,46676,909,307,664,961,806
TABITHA,897,50191,16.62,68453.06,37015,5847,498,596,2573,3662
ELSA,898,50139,16.6,68469.66,10171,1666,96,2926,613,34667
IVY,899,50096,16.59,68486.25,28520,6466,344,6142,2807,5817
DAMON,900,50022,16.56,68502.81,27170,14691,598,939,2901,3723
BEATRIZ,901,49941,16.54,68519.34,2484,274,41,1115,128,45899
VICKY,902,49817,16.49,68535.84,35103,3188,431,4688,1116,5291
DONOVAN,903,49792,16.49,68552.32,21483,13275,901,1351,4667,8115
YESENIA,904,49769,16.48,68568.8,692,217,82,72,44,48662
JOHANNA,905,49746,16.47,68585.27,25512,1996,304,1675,1368,18891
CELIA,906,49708,16.46,68601.73,16713,2171,210,1991,810,27813
ALISHA,907,49572,16.41,68618.14,28114,10065,550,3853,2665,4325
COLBY,908,49557,16.41,68634.55,42130,2422,524,492,2138,1851
MARISOL,909,49541,16.4,68650.96,890,184,78,347,83,47959
VALENTINA,910,49540,16.4,68667.36,15759,894,200,849,639,31199
ALEC,911,49531,16.4,68683.76,36775,1349,311,1392,2254,7450
DAMIEN,912,49455,16.37,68700.13,21075,9929,660,1036,3478,13277
ALFONSO,913,49409,16.36,68716.49,2672,2984,138,1176,200,42239
WILMA,914,49397,16.36,68732.85,36788,6220,521,1814,1000,3054
AIMEE,915,49379,16.35,68749.19,37271,1035,236,2442,1703,6692
DWIGHT,916,49316,16.33,68765.52,29254,16399,474,712,1412,1065
TED,917,49172,16.28,68781.8,40472,2506,400,2574,1007,2213
JANELLE,918,48981,16.22,68798.02,28210,7644,501,2172,2042,8412
REESE,919,48827,16.17,68814.19,40845,1708,311,707,2528,2728
HARVEY,920,48795,16.16,68830.34,36021,7326,599,1443,1221,2185
MARISA,921,48702,16.12,68846.47,26337,1987,330,1876,1974,16198
MIKAYLA,922,48658,16.11,68862.58,28996,6989,450,1470,4110,6643
LANA,923,48603,16.09,68878.67,37791,2201,431,2775,2592,2813
FLOYD,924,48521,16.06,68894.73,33358,11423,748,371,1445,1176
MICHAELA,925,48490,16.05,68910.79,34770,4938,410,1106,3009,4257
ANTONIA,926,48458,16.04,68926.83,10725,4740,266,990,731,31006
CARA,927,48441,16.04,68942.87,41582,1678,307,1213,1963,1698
CAITLYN,928,48236,15.97,68958.84,38643,1842,305,1648,2402,3396
BERNICE,929,48076,15.92,68974.76,24749,15928,661,1162,848,4728
MOHAMMED,930,48042,15.91,68990.67,17436,4884,105,23030,2164,423
SERENITY,931,47959,15.88,69006.55,17791,14397,609,778,4446,9938
TRENT,932,47903,15.86,69022.41,38865,4044,502,556,2131,1805
ANNABELLE,933,47695,15.79,69038.2,34038,997,309,3152,2582,6617
CLYDE,934,47655,15.78,69053.98,33753,9655,553,1099,1428,1167
LESTER,935,47583,15.75,69069.73,29472,10049,589,1525,1094,4854
EMILIA,936,47577,15.75,69085.48,21293,848,128,1838,1672,21798
DIANNA,937,47529,15.74,69101.22,34462,4015,466,845,1429,6312
MILA,937,47529,15.74,69116.96,22356,1983,302,3508,4115,15265
JOHNNIE,939,47518,15.73,69132.69,20256,22614,542,313,1508,2285
ARNOLD,940,47510,15.73,69148.42,27905,6741,798,3577,897,7592
TESSA,941,47462,15.71,69164.13,38786,1425,385,1018,2456,3392
TY,942,47425,15.7,69179.84,34865,3471,739,2744,3018,2588
JIMMIE,943,47103,15.6,69195.43,29137,13813,727,276,1617,1533
CAMDEN,944,47086,15.59,69211.02,37389,2837,283,602,3373,2602
TATIANA,945,47075,15.59,69226.61,15834,7192,194,753,1991,21111
HAYLEY,946,47064,15.58,69242.19,39355,860,264,945,2038,3602
PIPER,947,46880,15.52,69257.71,40679,645,328,385,2691,2152
PERRY,948,46766,15.48,69273.2,33665,8641,585,1265,1422,1188
SUSANA,949,46460,15.38,69288.58,2581,356,51,2379,127,40966
LOURDES,950,46440,15.38,69303.95,1023,547,49,5730,202,38889
JOSIE,951,46381,15.36,69319.31,30777,3119,452,1704,1626,8703
TRENTON,952,46322,15.34,69334.65,34430,6198,612,350,2995,1737
EMILIO,953,46299,15.33,69349.98,2952,461,259,917,219,41491
MOHAMED,954,46249,15.31,69365.29,21424,19080,104,3443,1779,419
ANTOINETTE,955,46135,15.28,69380.56,23673,16058,394,758,1215,4037
BRAXTON,956,46072,15.25,69395.82,35144,4538,509,282,3075,2524
LACEY,957,46055,15.25,69411.07,39744,1740,545,280,1976,1770
TRACI,958,46046,15.25,69426.31,38568,4185,317,517,1409,1050
ALLYSON,959,45708,15.13,69441.45,34446,1839,204,1371,1516,6332
ELLIOT,960,45702,15.13,69456.58,33581,2164,285,1695,2593,5384
JOSEFINA,961,45585,15.09,69471.67,671,111,39,4129,115,40520
KRISTOPHER,962,45567,15.09,69486.76,32188,5243,338,753,2254,4791
HANNA,963,45249,14.98,69501.74,33135,2275,238,3845,1922,3834
ELISABETH,964,45235,14.98,69516.72,36200,1421,141,823,1487,5163
GEOFFREY,965,45230,14.98,69531.69,37746,2916,157,1400,1522,1489
KELLEY,966,45170,14.96,69546.65,39441,2294,220,603,1375,1237
WESTON,967,45046,14.91,69561.56,39504,716,389,364,2046,2027
RYDER,968,44972,14.89,69576.45,36106,828,541,879,2831,3787
GRAHAM,969,44933,14.88,69591.33,40852,650,113,331,1765,1222
ANASTASIA,970,44878,14.86,69606.19,29902,3967,262,875,2724,7148
WILL,971,44842,14.85,69621.03,32570,5991,323,1398,1395,3165
GRETCHEN,972,44632,14.78,69635.81,40378,1302,104,555,854,1439
KELLIE,973,44587,14.76,69650.57,38225,2541,283,706,1440,1392
JAXSON,974,44554,14.75,69665.33,32836,2611,311,372,3230,5194
PAM,974,44554,14.75,69680.08,39015,2400,349,970,945,875
BERNADETTE,976,44259,14.65,69694.73,26138,7635,519,3619,1028,5320
INGRID,977,44145,14.62,69709.35,18062,4593,71,1060,782,19577
ZANE,978,44099,14.6,69723.95,33545,2184,582,926,3142,3720
ROGELIO,979,44078,14.59,69738.54,596,147,44,2969,69,40253
HARLEY,980,43970,14.56,69753.1,35284,1375,815,474,2254,3768
ELLIOTT,981,43865,14.52,69767.62,31661,4446,306,1036,2527,3889
KIARA,982,43752,14.49,69782.11,7076,16576,384,1413,3497,14806
RODRIGO,983,43700,14.47,69796.58,3287,275,57,2004,143,37934
BRADEN,984,43699,14.47,69811.05,37121,1181,418,542,2276,2161
ELSIE,985,43610,14.44,69825.49,28532,4956,718,2063,1079,6262
CALLIE,986,43600,14.44,69839.92,35920,2855,341,592,1907,1985
TOMAS,987,43589,14.43,69854.35,6288,616,135,962,321,35267
DOMINICK,988,43551,14.42,69868.77,27236,4044,305,567,2167,9232
NIKKI,989,43482,14.4,69883.17,29771,5567,545,2870,1868,2861
EMERSON,990,43463,14.39,69897.56,31287,1871,528,1223,2473,6081
KELVIN,991,43448,14.39,69911.95,6094,22106,245,3640,1009,10354
JACLYN,992,43404,14.37,69926.32,35534,710,223,1261,1421,4255
SELENA,993,43316,14.34,69940.66,11502,5124,524,2567,1634,21965
SON,994,43269,14.33,69954.98,17107,5394,386,10679,974,8729
PATTY,995,43232,14.31,69969.3,35516,1578,379,1379,934,3446
MAXINE,996,43205,14.3,69983.6,26155,11515,549,1063,1260,2663
LILA,997,43199,14.3,69997.91,32350,1645,355,1899,2206,4744
CHANCE,998,43134,14.28,70012.19,28898,7072,723,736,3027,2678
JANA,999,43055,14.26,70026.44,37167,1741,364,915,1462,1406
ELIANA,1000,43049,14.25,70040.7,16702,2689,175,1478,2283,19722